"Name","State","Notes","User","Tags","Created","Runtime","Sweep","batch_size","context_style","dataset","kind","kind_kwargs","lr","max_context","min_context","model","noise","ood_styles","temperature","train_size","val_size","x_dim","y_dim","epoch","train/Accuracy","train/CE","train/MSE","train/w_MSE","trainer/global_step","val/Accuracy/dataloader_idx_0","val/Accuracy/dataloader_idx_1","val/Accuracy/dataloader_idx_2","val/CE/dataloader_idx_0","val/CE/dataloader_idx_1","val/CE/dataloader_idx_2","val/far_MSE","val/iid_MSE","val/w_loss/dataloader_idx_0","val/w_loss/dataloader_idx_1","val/w_loss/dataloader_idx_2","val/wide_MSE"
"explicit_tsf","finished","-","sarthmit","","2024-01-29T09:21:03.000Z","1458","","128","near","linear-classification","linear","","0.0001","128","16","explicit-transformer","","[""far"",""wide""]","0.1","1000","1000","2","2","999","0.965696394443512","0.08545277267694473","","0.5694993138313293","6999","0.9637916684150696","0.9660555124282836","0.9607916474342346","0.08760911226272583","0.08906876295804977","0.09855075180530548","","","0.5817247629165649","0.5634717345237732","0.5817247629165649",""
"explicit_tsf","finished","-","sarthmit","","2024-01-29T09:19:23.000Z","1432","","128","near","linear-classification","linear","","0.0001","128","16","explicit-transformer","","[""far"",""wide""]","0.1","1000","1000","2","2","999","0.9661391377449036","0.08297623693943024","","0.5865615010261536","6999","0.9646667242050172","0.9679722785949708","0.9644028544425964","0.08592567592859268","0.08774334192276001","0.09117810428142548","","","0.5805129408836365","0.5653219223022461","0.5805129408836365",""
"explicit_mlp","finished","-","sarthmit","","2024-01-29T09:08:59.000Z","712","","128","near","linear-classification","linear","","0.0001","128","16","explicit-mlp","","[""far"",""wide""]","0.1","1000","1000","2","2","999","0.9655968546867372","0.08651507645845413","","0.5966189503669739","6999","0.9629305601119996","0.9665416479110718","0.962527871131897","0.08936910331249237","0.09105157107114792","0.09860971570014954","","","0.5792153477668762","0.5631111860275269","0.5792153477668762",""
"explicit_mlp","finished","-","sarthmit","","2024-01-29T09:07:50.000Z","682","","128","near","linear-classification","linear","","0.0001","128","16","explicit-mlp","","[""far"",""wide""]","0.1","1000","1000","2","2","999","0.962980329990387","0.08902577310800552","","0.6165329217910767","6999","0.961625039577484","0.9668055772781372","0.9619306325912476","0.09281425178050996","0.08758942782878876","0.09623398631811142","","","0.5783350467681885","0.5596106052398682","0.5783350467681885",""
"implicit","finished","-","sarthmit","","2024-01-29T08:26:45.000Z","2521","","128","near","linear-classification","linear","","0.0001","128","16","implicit","","[""far"",""wide""]","0.1","1000","1000","2","2","999","0.9664153456687928","0.08245178312063217","","","6999","0.9654167294502258","0.9685139656066896","0.9604445099830629","0.08330109715461731","0.07848674058914185","0.08924351632595062","","","","","",""
"implicit","finished","-","sarthmit","","2024-01-29T08:26:45.000Z","2452","","128","near","linear-classification","linear","","0.0001","128","16","implicit","","[""far"",""wide""]","0.1","1000","1000","2","2","999","0.965404450893402","0.08663006871938705","","","6999","0.9653195142745972","0.9676250219345092","0.9575834274291992","0.0837298333644867","0.0807710587978363","0.09250693023204803","","","","","",""
"explicit_tsf","finished","-","sarthmit","","2024-01-29T06:41:26.000Z","1617","","128","same","linear-classification","linear","","0.0001","128","16","explicit-transformer","","[""far"",""wide""]","0.1","1000","1000","2","2","999","0.9624177813529968","0.08986536413431168","","0.5687558054924011","6999","0.962902843952179","0.9647222757339478","0.9616389870643616","0.08966302126646042","0.08740606904029846","0.09271559119224548","","","0.5861810445785522","0.5659270286560059","0.5861810445785522",""
"explicit_tsf","finished","-","sarthmit","","2024-01-29T06:35:51.000Z","1433","","128","same","linear-classification","linear","","0.0001","128","16","explicit-transformer","","[""far"",""wide""]","0.1","1000","1000","2","2","999","0.9615439176559448","0.0926690325140953","","0.5876709818840027","6999","0.9621945023536682","0.9661389589309692","0.9635000228881836","0.08982838690280914","0.08643664419651031","0.09164755046367644","","","0.5795773863792419","0.5645512342453003","0.5795773863792419",""
"explicit_mlp","finished","-","sarthmit","","2024-01-29T06:28:09.000Z","786","","128","same","linear-classification","linear","","0.0001","128","16","explicit-mlp","","[""far"",""wide""]","0.1","1000","1000","2","2","999","0.9578885436058044","0.09925252199172974","","0.592534601688385","6999","0.9629583954811096","0.9667777419090272","0.9611527919769288","0.08943735808134079","0.08385960757732391","0.0937601700425148","","","0.5765812397003174","0.5598967671394348","0.5765812397003174",""
"explicit_mlp","finished","-","sarthmit","","2024-01-29T06:24:02.000Z","697","","128","same","linear-classification","linear","","0.0001","128","16","explicit-mlp","","[""far"",""wide""]","0.1","1000","1000","2","2","999","0.9607575535774232","0.09806571155786514","","0.6167359948158264","6999","0.9638888835906982","0.967208445072174","0.9627500176429749","0.08768076449632645","0.08384140580892563","0.09266432374715804","","","0.5787734389305115","0.5619843006134033","0.5787734389305115",""
"explicit_tsf","finished","-","sarthmit","","2024-01-29T06:02:14.000Z","934","","128","same","linear-classification","linear","","0.0001","128","16","explicit-transformer","","[""far"",""wide""]","0.1","1000","1000","2","10","999","0.8579801321029663","0.39585813879966736","","0.4919867515563965","6999","0.865944504737854","0.8298611044883728","0.8070972561836243","0.36602139472961426","0.5554432272911072","0.6268935203552246","","","0.47873103618621826","0.4918987154960632","0.47873103618621826",""
"explicit_tsf","finished","-","sarthmit","","2024-01-29T05:59:09.000Z","888","","128","same","linear-classification","linear","","0.0001","128","16","explicit-transformer","","[""far"",""wide""]","0.1","1000","1000","2","10","999","0.8599960207939148","0.39287129044532776","","0.4917486011981964","6999","0.8652083873748779","0.8324445486068726","0.8073334097862244","0.3679687976837158","0.5526813864707947","0.6260031461715698","","","0.47902584075927734","0.4912886917591095","0.47902584075927734",""
"explicit_tsf","finished","-","sarthmit","","2024-01-29T05:54:35.000Z","911","","128","near","linear-classification","linear","","0.0001","128","16","explicit-transformer","","[""far"",""wide""]","0.1","1000","1000","2","10","999","0.8817462921142578","0.32584667205810547","","0.4878339767456054","6999","0.8690000176429749","0.8355278968811035","0.8097361326217651","0.36015409231185913","0.5648081302642822","0.6366801857948303","","","0.4754960238933563","0.48834866285324097","0.4754960238933563",""
"explicit_tsf","finished","-","sarthmit","","2024-01-29T05:54:01.000Z","902","","128","near","linear-classification","linear","","0.0001","128","16","explicit-transformer","","[""far"",""wide""]","0.1","1000","1000","2","10","999","0.886586606502533","0.3239426612854004","","0.4932068884372711","6999","0.8669167160987854","0.8348889350891113","0.8126250505447388","0.36500200629234314","0.5754947662353516","0.646419107913971","","","0.4796548783779144","0.49166008830070496","0.4796548783779144",""
"explicit_mlp","finished","-","sarthmit","","2024-01-29T05:52:03.000Z","591","","128","same","linear-classification","linear","","0.0001","128","16","explicit-mlp","","[""far"",""wide""]","0.1","1000","1000","2","10","999","0.8493231534957886","0.4224536716938019","","0.5148671865463257","6999","0.860222339630127","0.8248195052146912","0.8001389503479004","0.3853699862957001","0.5845857858657837","0.6811622977256775","","","0.4874841570854187","0.49628573656082153","0.4874841570854187",""
"explicit_mlp","finished","-","sarthmit","","2024-01-29T05:49:52.000Z","545","","128","same","linear-classification","linear","","0.0001","128","16","explicit-mlp","","[""far"",""wide""]","0.1","1000","1000","2","10","999","0.8511260151863098","0.4214048981666565","","0.5093777775764465","6999","0.8598055839538574","0.8232916593551636","0.7940000295639038","0.3850674033164978","0.5920630693435669","0.707714319229126","","","0.48937350511550903","0.5026732683181763","0.48937350511550903",""
"explicit_mlp","finished","-","sarthmit","","2024-01-29T05:45:00.000Z","563","","128","near","linear-classification","linear","","0.0001","128","16","explicit-mlp","","[""far"",""wide""]","0.1","1000","1000","2","10","999","0.8793044090270996","0.340716153383255","","0.5162943601608276","6999","0.8620694875717163","0.8302361369132996","0.8022500276565552","0.3854777216911316","0.6719545125961304","0.7789763808250427","","","0.4943445026874542","0.5005505681037903","0.4943445026874542",""
"explicit_mlp","finished","-","sarthmit","","2024-01-29T05:44:50.000Z","540","","128","near","linear-classification","linear","","0.0001","128","16","explicit-mlp","","[""far"",""wide""]","0.1","1000","1000","2","10","999","0.8716534972190857","0.3630623817443848","","0.5168197154998779","6999","0.8600416779518127","0.8282361030578613","0.8001250624656677","0.3909461200237274","0.6648019552230835","0.7670217752456665","","","0.4918425977230072","0.5005590319633484","0.4918425977230072",""
"implicit","finished","-","sarthmit","","2024-01-29T05:43:38.000Z","2411","","128","same","linear-classification","linear","","0.0001","128","16","implicit","","[""far"",""wide""]","0.1","1000","1000","2","2","999","0.9620843529701232","0.09214453399181366","","","6999","0.9654306173324584","0.968444526195526","0.9639028310775756","0.08375473320484161","0.07971185445785522","0.0858675017952919","","","","","",""
"implicit","finished","-","sarthmit","","2024-01-29T05:43:18.000Z","2678","","128","same","linear-classification","linear","","0.0001","128","16","implicit","","[""far"",""wide""]","0.1","1000","1000","2","2","999","0.9645143747329712","0.08803670108318329","","","6999","0.9655139446258544","0.968486189842224","0.9638333916664124","0.08351565897464752","0.07981063425540924","0.08642127364873886","","","","","",""
"explicit_tsf","finished","-","sarthmit","","2024-01-29T05:37:12.000Z","6251","","128","near","linear-classification","linear","","0.0001","128","16","explicit-transformer","","[""far"",""wide""]","0.1","10000","1000","100","10","999","0.3211764693260193","1.8045672178268433","","1.005810260772705","77999","0.11529167741537094","0.13095834851264954","0.10918056219816208","2.821014642715454","2.4175007343292236","3.0260133743286133","","","1.0074306726455688","1.0049127340316772","1.0074306726455688",""
"explicit_tsf","finished","-","sarthmit","","2024-01-29T05:28:15.000Z","5938","","128","near","linear-classification","linear","","0.0001","128","16","explicit-transformer","","[""far"",""wide""]","0.1","10000","1000","100","10","999","0.29574891924858093","1.8525850772857664","","1.007617712020874","77999","0.11134722828865053","0.12755556404590607","0.1058611199259758","2.7246174812316895","2.477362871170044","2.9194259643554688","","","1.0103362798690796","1.0080169439315796","1.0103362798690796",""
"implicit","finished","-","sarthmit","","2024-01-29T05:22:51.000Z","1609","","128","same","linear-classification","linear","","0.0001","128","16","implicit","","[""far"",""wide""]","0.1","1000","1000","2","10","999","0.8797764182090759","0.3390359878540039","","","6999","0.8890278935432434","0.8653751015663147","0.8455556035041809","0.30769309401512146","0.4602930247783661","0.5221371650695801","","","","","",""
"implicit","finished","-","sarthmit","","2024-01-29T05:22:45.000Z","1745","","128","same","linear-classification","linear","","0.0001","128","16","implicit","","[""far"",""wide""]","0.1","1000","1000","2","10","999","0.8824232816696167","0.33473846316337585","","","6999","0.8896111249923706","0.8658055663108826","0.8488889336585999","0.3068618178367615","0.457251638174057","0.5148255825042725","","","","","",""
"implicit","finished","-","sarthmit","","2024-01-29T05:17:21.000Z","1637","","128","near","linear-classification","linear","","0.0001","128","16","implicit","","[""far"",""wide""]","0.1","1000","1000","2","10","999","0.9031915068626404","0.2834823429584503","","","6999","0.8862639665603638","0.8541527986526489","0.8291110992431641","0.3146958351135254","0.4945186674594879","0.5726200342178345","","","","","",""
"implicit","finished","-","sarthmit","","2024-01-29T05:17:08.000Z","1660","","128","near","linear-classification","linear","","0.0001","128","16","implicit","","[""far"",""wide""]","0.1","1000","1000","2","10","999","0.9050857424736024","0.2787046730518341","","","6999","0.8872917294502258","0.8569445013999939","0.8355556130409241","0.3133240342140198","0.4890439510345459","0.559719443321228","","","","","",""
"explicit_mlp","finished","-","sarthmit","","2024-01-29T04:20:58.000Z","4552","","128","near","linear-classification","linear","","0.0001","128","16","explicit-mlp","","[""far"",""wide""]","0.1","10000","1000","100","10","999","0.4761218130588531","1.4812949895858765","","0.980854034423828","77999","0.14286112785339355","0.13070833683013916","0.10629166662693024","2.863576889038086","2.591686487197876","8.01102352142334","","","0.9831514358520508","0.980522871017456","0.9831514358520508",""
"explicit_mlp","finished","-","sarthmit","","2024-01-29T04:17:13.000Z","4237","","128","near","linear-classification","linear","","0.0001","128","16","explicit-mlp","","[""far"",""wide""]","0.1","10000","1000","100","10","999","0.6153695583343506","1.1741130352020264","","0.9889344573020936","77999","0.14512500166893005","0.15173612534999847","0.1257222294807434","3.1190762519836426","2.5068819522857666","5.853601455688477","","","0.9890757203102112","0.987089216709137","0.9890757203102112",""
"explicit_tsf","finished","-","sarthmit","","2024-01-29T03:19:32.000Z","7641","","128","same","linear-classification","linear","","0.0001","128","16","explicit-transformer","","[""far"",""wide""]","0.1","10000","1000","100","10","999","0.11816347390413284","2.2970235347747803","","1.007129788398743","77999","0.11726389080286026","0.14550000429153442","0.10881945490837096","2.2968881130218506","2.281451940536499","2.3016624450683594","","","1.0090969800949097","1.006721258163452","1.0090969800949097",""
"explicit_mlp","finished","-","sarthmit","","2024-01-29T01:44:54.000Z","5654","","128","same","linear-classification","linear","","0.0001","128","16","explicit-mlp","","[""far"",""wide""]","0.1","10000","1000","100","10","999","0.1188024878501892","2.296969175338745","","1.004970669746399","77999","0.11811111867427826","0.146555557847023","0.1097361221909523","2.2968623638153076","2.2817752361297607","2.3022100925445557","","","1.0058772563934326","1.0034464597702026","1.0058772563934326",""
"implicit","finished","-","sarthmit","","2024-01-29T01:35:50.000Z","9661","","128","near","linear-classification","linear","","0.0001","128","16","implicit","","[""far"",""wide""]","0.1","10000","1000","100","10","999","0.9148468375205994","0.4561650156974793","","","77999","0.1865555644035339","0.1546388864517212","0.17488889396190643","2.536137104034424","2.7829599380493164","2.557878017425537","","","","","",""
"implicit","finished","-","sarthmit","","2024-01-29T01:34:27.000Z","9969","","128","near","linear-classification","linear","","0.0001","128","16","implicit","","[""far"",""wide""]","0.1","10000","1000","100","10","999","0.914771556854248","0.45474791526794434","","","77999","0.14880555868148804","0.13650000095367432","0.1484583467245102","3.2019922733306885","3.344612836837769","3.147104501724243","","","","","",""
"explicit_tsf","finished","-","sarthmit","","2024-01-28T23:58:15.000Z","5831","","128","near","linear-classification","linear","","0.0001","128","16","explicit-transformer","","[""far"",""wide""]","0.1","10000","1000","100","2","999","0.966271996498108","0.13824845850467682","","0.8505299091339111","77999","0.6987778544425964","0.690819501876831","0.6919305920600891","0.8083730936050415","0.6853496432304382","0.9799650311470032","","","0.8376431465148926","0.8376579880714417","0.8376431465148926",""
"explicit_tsf","finished","-","sarthmit","","2024-01-28T23:57:26.000Z","5796","","128","same","linear-classification","linear","","0.0001","128","16","explicit-transformer","","[""far"",""wide""]","0.1","10000","1000","100","10","999","0.11892625689506532","2.296356678009033","","1.007346272468567","77999","0.11811111867427826","0.146472230553627","0.1088888943195343","2.297161340713501","2.282071352005005","2.301771879196167","","","1.0086684226989746","1.0066685676574707","1.0086684226989746",""
"explicit_mlp","finished","-","sarthmit","","2024-01-28T22:47:04.000Z","4245","","128","near","linear-classification","linear","","0.0001","128","16","explicit-mlp","","[""far"",""wide""]","0.1","10000","1000","100","2","999","0.9622055292129515","0.14677830040454865","","0.8464584350585938","77999","0.6969861388206482","0.6921805739402771","0.686916708946228","0.8315501809120178","0.676639974117279","1.2096489667892456","","","0.8316472172737122","0.8301939368247986","0.8316472172737122",""
"explicit_mlp","finished","-","sarthmit","","2024-01-28T22:46:09.000Z","4252","","128","same","linear-classification","linear","","0.0001","128","16","explicit-mlp","","[""far"",""wide""]","0.1","10000","1000","100","10","999","0.11865406483411788","2.2965002059936523","","1.0046690702438354","77999","0.11859723180532455","0.1457500010728836","0.10972223430871964","2.2967233657836914","2.2823939323425293","2.301675319671631","","","1.007011890411377","1.005174994468689","1.007011890411377",""
"implicit","finished","-","sarthmit","","2024-01-28T22:27:52.000Z","11797","","128","same","linear-classification","linear","","0.0001","128","16","implicit","","[""far"",""wide""]","0.1","10000","1000","100","10","999","0.25061681866645813","2.071235418319702","","","77999","0.2592778205871582","0.2584027945995331","0.25208333134651184","2.062150478363037","2.1011314392089844","2.0971992015838623","","","","","",""
"explicit_tsf","finished","-","sarthmit","","2024-01-28T22:11:14.000Z","6077","","128","same","linear-classification","linear","","0.0001","128","16","explicit-transformer","","[""far"",""wide""]","0.1","10000","1000","100","2","999","0.6924355030059814","0.5708974003791809","","0.8520692586898804","77999","0.7029861211776733","0.7049723267555237","0.6962084174156189","0.5646879076957703","0.5898705124855042","0.5787743926048279","","","0.8364048600196838","0.8363611102104187","0.8364048600196838",""
"explicit_tsf","finished","-","sarthmit","","2024-01-28T21:57:52.000Z","5392","","128","near","linear-classification","linear","","0.0001","128","16","explicit-transformer","","[""far"",""wide""]","0.1","10000","1000","100","2","999","0.965893566608429","0.13860692083835602","","0.8334254622459412","77999","0.7019444704055786","0.7003750205039978","0.6900972723960876","0.81233149766922","0.6714679002761841","1.0007368326187134","","","0.8382508158683777","0.8373463749885559","0.8382508158683777",""
"explicit_tsf","finished","-","sarthmit","","2024-01-28T21:53:16.000Z","5687","","128","same","linear-classification","linear","","0.0001","128","16","explicit-transformer","","[""far"",""wide""]","0.1","10000","1000","100","2","999","0.7039487361907959","0.5587887167930603","","0.8357751369476318","77999","0.702333390712738","0.7054305672645569","0.6943334341049194","0.5655176043510437","0.5761815309524536","0.5781257748603821","","","0.8360281586647034","0.8362964391708374","0.8360281586647034",""
"explicit_mlp","finished","-","sarthmit","","2024-01-28T20:57:46.000Z","3593","","128","near","linear-classification","linear","","0.0001","128","16","explicit-mlp","","[""far"",""wide""]","0.1","10000","1000","100","2","999","0.963092029094696","0.14390666782855988","","0.8286218047142029","77999","0.6977500319480896","0.6898472905158997","0.6875417232513428","0.8256372213363647","0.6772648096084595","1.2323440313339231","","","0.8324183225631714","0.8311313390731812","0.8324183225631714",""
"explicit_mlp","finished","-","sarthmit","","2024-01-28T20:49:55.000Z","4854","","128","same","linear-classification","linear","","0.0001","128","16","explicit-mlp","","[""far"",""wide""]","0.1","10000","1000","100","2","999","0.6857938766479492","0.5788936018943787","","0.8472070097923279","77999","0.6976944804191589","0.6863194704055786","0.6850000619888306","0.5713934302330017","0.5992178320884705","0.5865775346755981","","","0.8319814801216125","0.8314498662948608","0.8319814801216125",""
"explicit_mlp","finished","-","sarthmit","","2024-01-28T20:41:02.000Z","4303","","128","same","linear-classification","linear","","0.0001","128","16","explicit-mlp","","[""far"",""wide""]","0.1","10000","1000","100","2","999","0.7000541090965271","0.5639677047729492","","0.8274103999137878","77999","0.7007083892822266","0.6887916326522827","0.6872778534889221","0.5685182809829712","0.598313570022583","0.584392249584198","","","0.8295689225196838","0.8285689949989319","0.8295689225196838",""
"implicit","finished","-","sarthmit","","2024-01-28T20:04:20.000Z","9685","","128","same","linear-classification","linear","","0.0001","128","16","implicit","","[""far"",""wide""]","0.1","10000","1000","100","10","999","0.2608746886253357","2.0471675395965576","","","77999","0.2591250240802765","0.2579583525657654","0.249916672706604","2.0624420642852783","2.1020495891571045","2.1055142879486084","","","","","",""
"implicit","finished","-","sarthmit","","2024-01-28T20:03:47.000Z","9772","","128","near","linear-classification","linear","","0.0001","128","16","implicit","","[""far"",""wide""]","0.1","10000","1000","100","2","999","0.9683016538619996","0.12956950068473816","","","77999","0.6721667051315308","0.6334444284439087","0.6449861526489258","0.829014241695404","0.799720823764801","1.1401678323745728","","","","","",""
"implicit","finished","-","sarthmit","","2024-01-28T18:22:54.000Z","9268","","128","near","linear-classification","linear","","0.0001","128","16","implicit","","[""far"",""wide""]","0.1","10000","1000","100","2","999","0.9680240154266356","0.12854762375354767","","","77999","0.6655972003936768","0.6161666512489319","0.5891667008399963","0.8595914244651794","1.0672084093093872","1.1109058856964111","","","","","",""
"implicit","finished","-","sarthmit","","2024-01-28T18:01:36.000Z","9539","","128","same","linear-classification","linear","","0.0001","128","16","implicit","","[""far"",""wide""]","0.1","10000","1000","100","2","999","0.7091360092163086","0.5509851574897766","","","77999","0.7063333988189697","0.6959167122840881","0.6935694813728333","0.5596724152565002","0.5839909911155701","0.5782485604286194","","","","","",""
"implicit","finished","-","sarthmit","","2024-01-28T18:01:33.000Z","10081","","128","same","linear-classification","linear","","0.0001","128","16","implicit","","[""far"",""wide""]","0.1","10000","1000","100","2","999","0.6953914165496826","0.5660749077796936","","","77999","0.705791711807251","0.6979027986526489","0.6893333792686462","0.560437023639679","0.5879378914833069","0.5797261595726013","","","","","",""
"explicit_tsf","finished","-","sarthmit","","2024-01-22T11:24:43.000Z","6120","","128","near","linear-classification","linear","","0.0001","128","16","explicit-transformer","","[""far"",""wide""]","0.1","10000","1000","100","10","999","0.22966213524341583","2.032496929168701","","1.0064986944198608","77999","0.11420833319425584","0.1352500021457672","0.11100000888109209","2.579650640487671","2.3451473712921143","3.064390182495117","","","1.0083849430084229","1.0066181421279907","1.0083849430084229",""
"explicit_tsf","finished","-","sarthmit","","2024-01-22T11:13:31.000Z","6031","","128","same","linear-classification","linear","","0.0001","128","16","explicit-transformer","","[""far"",""wide""]","0.1","10000","1000","100","10","999","0.11908308416604996","2.296434164047241","","1.005718231201172","77999","0.11901389807462692","0.1456250101327896","0.11076389253139496","2.29675555229187","2.2815427780151367","2.301424503326416","","","1.0083922147750854","1.0064352750778198","1.0083922147750854",""
"explicit_tsf","finished","-","sarthmit","","2024-01-22T11:09:21.000Z","5978","","128","near","linear-classification","linear","","0.0001","128","16","explicit-transformer","","[""far"",""wide""]","0.1","10000","1000","100","10","999","0.2726668417453766","1.9141576290130615","","1.0070595741271973","77999","0.11379167437553406","0.13026389479637146","0.10783334076404572","2.6616125106811523","2.41306734085083","2.898776054382324","","","1.0082591772079468","1.006013035774231","1.0082591772079468",""
"explicit_tsf","finished","-","sarthmit","","2024-01-22T11:04:59.000Z","5921","","128","same","linear-classification","linear","","0.0001","128","16","explicit-transformer","","[""far"",""wide""]","0.1","10000","1000","100","10","999","0.11782127618789671","2.2974486351013184","","1.006447672843933","77999","0.11875000596046448","0.14737500250339508","0.11063890159130096","2.2970008850097656","2.2824597358703613","2.301421642303467","","","1.0083516836166382","1.0062674283981323","1.0083516836166382",""
"explicit_tsf","finished","-","sarthmit","","2024-01-22T11:03:20.000Z","5748","","128","same","linear-classification","linear","","0.0001","128","16","explicit-transformer","","[""far"",""wide""]","0.1","10000","1000","100","2","999","0.696358859539032","0.5681072473526001","","0.8478804230690002","77999","0.7042917013168335","0.7044583559036255","0.6958333253860474","0.5641688704490662","0.5840467214584351","0.5792105793952942","","","0.8360444903373718","0.8350366353988647","0.8360444903373718",""
"explicit_tsf","finished","-","sarthmit","","2024-01-22T10:59:48.000Z","5611","","128","near","linear-classification","linear","","0.0001","128","16","explicit-transformer","","[""far"",""wide""]","0.1","10000","1000","100","2","999","0.9664852619171144","0.13780775666236875","","0.8475781083106995","77999","0.7033333778381348","0.7006527781486511","0.6950139403343201","0.8021876811981201","0.6694402694702148","0.9498448371887208","","","0.8371012210845947","0.8364711403846741","0.8371012210845947",""
"explicit_tsf","finished","-","sarthmit","","2024-01-22T10:59:02.000Z","5597","","128","near","linear-classification","linear","","0.0001","128","16","explicit-transformer","","[""far"",""wide""]","0.1","10000","1000","100","2","999","0.9661131501197816","0.1372790485620499","","0.8302468657493591","77999","0.7012500166893005","0.70333331823349","0.6928472518920898","0.8156295418739319","0.6650621294975281","0.9588258266448976","","","0.8381638526916504","0.8366742134094238","0.8381638526916504",""
"explicit_tsf","finished","-","sarthmit","","2024-01-22T10:58:58.000Z","5618","","128","same","linear-classification","linear","","0.0001","128","16","explicit-transformer","","[""far"",""wide""]","0.1","10000","1000","100","2","999","0.6843199729919434","0.581945538520813","","0.8633748292922974","77999","0.7028194665908813","0.702333390712738","0.6935556530952454","0.5658605694770813","0.588675320148468","0.5797105431556702","","","0.839309811592102","0.8390036821365356","0.839309811592102",""
"explicit_tsf","finished","-","sarthmit","","2024-01-22T10:58:35.000Z","5630","","128","same","linear-classification","linear","","0.0001","128","16","explicit-transformer","","[""far"",""wide""]","0.1","10000","1000","100","2","999","0.7039273381233215","0.557551383972168","","0.8336026072502136","77999","0.7033889293670654","0.7044722437858582","0.6978055834770203","0.5649804472923279","0.5833508372306824","0.5800185799598694","","","0.8382527232170105","0.8387036323547363","0.8382527232170105",""
"explicit_tsf","finished","-","sarthmit","","2024-01-22T10:58:29.000Z","5578","","128","near","linear-classification","linear","","0.0001","128","16","explicit-transformer","","[""far"",""wide""]","0.1","10000","1000","100","2","999","0.9670190811157228","0.13757626712322235","","0.8615179657936096","77999","0.6999861001968384","0.7031805515289307","0.6909583806991577","0.8190807104110718","0.6572361588478088","0.9672600030899048","","","0.8375291228294373","0.8363170027732849","0.8375291228294373",""
"explicit_tsf","finished","-","sarthmit","","2024-01-22T10:58:00.000Z","5741","","128","near","linear-classification","linear","","0.0001","128","16","explicit-transformer","","[""far"",""wide""]","0.1","10000","1000","100","10","999","0.31654495000839233","1.792080640792847","","1.00701642036438","77999","0.10980556160211564","0.12343056499958038","0.10556945204734802","2.766233444213867","2.5557117462158203","2.8923304080963135","","","1.009181261062622","1.0067845582962036","1.009181261062622",""
"explicit_tsf","finished","-","sarthmit","","2024-01-22T10:53:08.000Z","5644","","128","same","linear-classification","linear","","0.0001","128","16","explicit-transformer","","[""far"",""wide""]","0.1","10000","1000","100","10","999","0.117630273103714","2.2969048023223877","","1.006630539894104","77999","0.11795833706855774","0.1448611170053482","0.10958334058523178","2.2972002029418945","2.2810263633728027","2.3022031784057617","","","1.0086654424667358","1.006582260131836","1.0086654424667358",""
"explicit_mlp","finished","-","sarthmit","","2024-01-22T10:07:45.000Z","4592","","128","near","linear-classification","linear","","0.0001","128","16","explicit-mlp","","[""far"",""wide""]","0.1","10000","1000","100","10","999","0.6509960889816284","1.0950822830200195","","0.9739813208580016","77999","0.16122223436832428","0.16312500834465027","0.1471666842699051","3.119917631149292","2.535154104232788","3.7973520755767822","","","0.976499319076538","0.9741166830062866","0.976499319076538",""
"explicit_mlp","finished","-","sarthmit","","2024-01-22T09:59:33.000Z","4426","","128","same","linear-classification","linear","","0.0001","128","16","explicit-mlp","","[""far"",""wide""]","0.1","10000","1000","100","10","999","0.1194731667637825","2.2962794303894043","","1.0034149885177612","77999","0.11988889425992966","0.14586111903190613","0.11120834201574326","2.296675443649292","2.282031536102295","2.301921129226685","","","1.005913019180298","1.0029112100601196","1.005913019180298",""
"explicit_mlp","finished","-","sarthmit","","2024-01-22T09:57:28.000Z","4037","","128","same","linear-classification","linear","","0.0001","128","16","explicit-mlp","","[""far"",""wide""]","0.1","10000","1000","100","10","999","0.1170649528503418","2.297600746154785","","1.0048260688781738","77999","0.11895833909511566","0.1462777853012085","0.11033334583044052","2.297006368637085","2.283271312713623","2.3016934394836426","","","1.0063862800598145","1.0040950775146484","1.0063862800598145",""
"explicit_mlp","finished","-","sarthmit","","2024-01-22T09:57:16.000Z","4312","","128","near","linear-classification","linear","","0.0001","128","16","explicit-mlp","","[""far"",""wide""]","0.1","10000","1000","100","10","999","0.6236640810966492","1.157427430152893","","0.9826022386550904","77999","0.1471250057220459","0.15177777409553528","0.1242361217737198","3.0488908290863037","2.490246534347534","5.689055442810059","","","0.9827949404716492","0.9808791875839232","0.9827949404716492",""
"explicit_mlp","finished","-","sarthmit","","2024-01-22T09:57:04.000Z","3963","","128","same","linear-classification","linear","","0.0001","128","16","explicit-mlp","","[""far"",""wide""]","0.1","10000","1000","100","2","999","0.690175473690033","0.5754613280296326","","0.8417577743530273","77999","0.6994722485542297","0.6851528882980347","0.6883472800254822","0.5696222186088562","0.6011776328086853","0.5835229158401489","","","0.8301628232002258","0.828620195388794","0.8301628232002258",""
"explicit_mlp","finished","-","sarthmit","","2024-01-22T09:55:05.000Z","3871","","128","near","linear-classification","linear","","0.0001","128","16","explicit-mlp","","[""far"",""wide""]","0.1","10000","1000","100","2","999","0.9633318781852722","0.14431391656398773","","0.8417178392410278","77999","0.6990833878517151","0.6877639293670654","0.6872778534889221","0.8239573240280151","0.6856945753097534","1.2338201999664309","","","0.831744372844696","0.8297592401504517","0.831744372844696",""
"explicit_mlp","finished","-","sarthmit","","2024-01-22T09:54:10.000Z","3875","","128","same","linear-classification","linear","","0.0001","128","16","explicit-mlp","","[""far"",""wide""]","0.1","10000","1000","100","2","999","0.680395245552063","0.5871191024780273","","0.8567349314689636","77999","0.6971806287765503","0.6885278224945068","0.6834167242050171","0.5724686980247498","0.5979984402656555","0.5877472162246704","","","0.8304729461669922","0.8305642008781433","0.8304729461669922",""
"explicit_mlp","finished","-","sarthmit","","2024-01-22T09:53:59.000Z","3829","","128","near","linear-classification","linear","","0.0001","128","16","explicit-mlp","","[""far"",""wide""]","0.1","10000","1000","100","10","999","0.6482898592948914","1.0992777347564695","","0.9875695705413818","77999","0.14638888835906982","0.15125000476837158","0.1228611171245575","3.0595226287841797","2.485172986984253","5.590609073638916","","","0.9849129915237428","0.9828895926475524","0.9849129915237428",""
"explicit_mlp","finished","-","sarthmit","","2024-01-22T09:53:46.000Z","3876","","128","same","linear-classification","linear","","0.0001","128","16","explicit-mlp","","[""far"",""wide""]","0.1","10000","1000","100","2","999","0.6991577744483948","0.5637152194976807","","0.829011857509613","77999","0.6980417370796204","0.6888889670372009","0.6852916479110718","0.5694950819015503","0.5935010313987732","0.5856354236602783","","","0.8292875289916992","0.829075813293457","0.8292875289916992",""
"explicit_mlp","finished","-","sarthmit","","2024-01-22T09:53:46.000Z","3902","","128","near","linear-classification","linear","","0.0001","128","16","explicit-mlp","","[""far"",""wide""]","0.1","10000","1000","100","2","999","0.9619613289833068","0.1459900140762329","","0.8274659514427185","77999","0.6949723362922668","0.6878473162651062","0.6854722499847412","0.834073007106781","0.6894768476486206","1.2320823669433594","","","0.8310329914093018","0.8306129574775696","0.8310329914093018",""
"explicit_mlp","finished","-","sarthmit","","2024-01-22T09:53:16.000Z","3900","","128","near","linear-classification","linear","","0.0001","128","16","explicit-mlp","","[""far"",""wide""]","0.1","10000","1000","100","2","999","0.964557647705078","0.14284303784370422","","0.8584848046302795","77999","0.6960555911064148","0.6842083930969238","0.6880277991294861","0.8387351036071777","0.6939533352851868","1.235659956932068","","","0.8324164748191833","0.8341942429542542","0.8324164748191833",""
"explicit_mlp","finished","-","sarthmit","","2024-01-22T09:49:53.000Z","3782","","128","same","linear-classification","linear","","0.0001","128","16","explicit-mlp","","[""far"",""wide""]","0.1","10000","1000","100","10","999","0.11835702508687972","2.2968392372131348","","1.004511475563049","77999","0.11901389807462692","0.14694444835186005","0.10966667532920836","2.296841859817505","2.281606435775757","2.302186965942383","","","1.006324052810669","1.003862380981445","1.006324052810669",""
"implicit","finished","-","sarthmit","","2024-01-22T07:14:04.000Z","9320","","128","same","linear-classification","linear","","0.0001","128","16","implicit","","[""far"",""wide""]","0.1","10000","1000","100","10","999","0.25455138087272644","2.0658297538757324","","","77999","0.2588750123977661","0.2590138912200928","0.2505555748939514","2.061561107635498","2.102870464324951","2.1054835319519043","","","","","",""
"implicit","finished","-","sarthmit","","2024-01-22T07:14:04.000Z","9791","","128","same","linear-classification","linear","","0.0001","128","16","implicit","","[""far"",""wide""]","0.1","10000","1000","100","10","999","0.24392451345920563","2.0904946327209473","","","77999","0.2592777907848358","0.2602638900279999","0.2517777681350708","2.061652898788452","2.102084159851074","2.1017777919769287","","","","","",""
"implicit","finished","-","sarthmit","","2024-01-22T07:14:04.000Z","9767","","128","same","linear-classification","linear","","0.0001","128","16","implicit","","[""far"",""wide""]","0.1","10000","1000","100","2","999","0.7010500431060791","0.5613618493080139","","","77999","0.7090833783149719","0.7062222361564636","0.7041110992431641","0.5579696297645569","0.5887536406517029","0.564900279045105","","","","","",""
"implicit","finished","-","sarthmit","","2024-01-22T07:14:04.000Z","9916","","128","same","linear-classification","linear","","0.0001","128","16","implicit","","[""far"",""wide""]","0.1","10000","1000","100","10","999","0.26273083686828613","2.0413167476654053","","","77999","0.25888893008232117","0.26127779483795166","0.2496250122785568","2.0609402656555176","2.098400831222534","2.11159086227417","","","","","",""
"implicit","finished","-","sarthmit","","2024-01-22T07:14:03.000Z","9650","","128","near","linear-classification","linear","","0.0001","128","16","implicit","","[""far"",""wide""]","0.1","10000","1000","100","2","999","0.9677934646606444","0.13028445839881897","","","77999","0.6858195066452026","0.6095833778381348","0.6800695061683655","0.9759095907211304","0.7989779710769653","1.0165703296661377","","","","","",""
"implicit","finished","-","sarthmit","","2024-01-22T07:14:03.000Z","9569","","128","same","linear-classification","linear","","0.0001","128","16","implicit","","[""far"",""wide""]","0.1","10000","1000","100","2","999","0.7026433348655701","0.5592809319496155","","","77999","0.7032361030578613","0.6895000338554382","0.6829167008399963","0.5663155913352966","0.6097791790962219","0.8388825058937073","","","","","",""
"implicit","finished","-","sarthmit","","2024-01-22T07:14:03.000Z","9595","","128","same","linear-classification","linear","","0.0001","128","16","implicit","","[""far"",""wide""]","0.1","10000","1000","100","2","999","0.686175525188446","0.5781717896461487","","","77999","0.7067778706550598","0.6985694766044617","0.6997222900390625","0.5602759718894958","0.5890899896621704","0.566965639591217","","","","","",""
"implicit","finished","-","sarthmit","","2024-01-22T07:14:03.000Z","9532","","128","near","linear-classification","linear","","0.0001","128","16","implicit","","[""far"",""wide""]","0.1","10000","1000","100","2","999","0.9679476618766784","0.13100482523441315","","","77999","0.6585000157356262","0.6190000176429749","0.6401389241218567","1.088550686836243","0.9421849846839904","1.14484965801239","","","","","",""
"implicit","finished","-","sarthmit","","2024-01-22T07:14:03.000Z","9570","","128","near","linear-classification","linear","","0.0001","128","16","implicit","","[""far"",""wide""]","0.1","10000","1000","100","2","999","0.967792510986328","0.13169558346271515","","","77999","0.6517500281333923","0.5710555911064148","0.5073056221008301","0.7426939010620117","1.0348340272903442","1.3872559070587158","","","","","",""
"implicit","finished","-","sarthmit","","2024-01-22T07:13:52.000Z","10407","","128","near","linear-classification","linear","","0.0001","128","16","implicit","","[""far"",""wide""]","0.1","10000","1000","100","10","999","0.914350152015686","0.4560575187206268","","","77999","0.15827779471874237","0.14380556344985962","0.16202779114246368","2.749669075012207","2.783592462539673","2.746584177017212","","","","","",""
"implicit","finished","-","sarthmit","","2024-01-22T07:13:52.000Z","9792","","128","near","linear-classification","linear","","0.0001","128","16","implicit","","[""far"",""wide""]","0.1","10000","1000","100","10","999","0.914435088634491","0.45802491903305054","","","77999","0.15555556118488312","0.14088889956474304","0.15369445085525513","2.858097791671753","2.908449172973633","2.5287716388702393","","","","","",""
"implicit","finished","-","sarthmit","","2024-01-22T07:13:52.000Z","9580","","128","near","linear-classification","linear","","0.0001","128","16","implicit","","[""far"",""wide""]","0.1","10000","1000","100","10","999","0.9137899875640868","0.4628129005432129","","","77999","0.1492222249507904","0.1392083466053009","0.1375138908624649","2.9015278816223145","3.6456210613250737","2.7866334915161133","","","","","",""
"explicit_tsf","finished","-","sarthmit","","2024-01-22T05:19:17.000Z","879","","128","near","linear-classification","linear","","0.0001","128","16","explicit-transformer","","[""far"",""wide""]","0.1","1000","1000","2","10","999","0.8844658136367798","0.33134427666664124","","0.48648837208747864","6999","0.8687639832496643","0.8363611698150635","0.8123889565467834","0.36134612560272217","0.5703267455101013","0.640648603439331","","","0.47719651460647583","0.48614031076431274","0.47719651460647583",""
"explicit_tsf","finished","-","sarthmit","","2024-01-22T05:13:15.000Z","874","","128","near","linear-classification","linear","","0.0001","128","16","explicit-transformer","","[""far"",""wide""]","0.1","1000","1000","2","10","999","0.8868874907493591","0.3253078758716583","","0.5058209300041199","6999","0.8671389818191528","0.8348889350891113","0.8102638721466064","0.3661896288394928","0.5654651522636414","0.6459506154060364","","","0.47960400581359863","0.4877452254295349","0.47960400581359863",""
"explicit_mlp","finished","-","sarthmit","","2024-01-22T05:10:08.000Z","534","","128","near","linear-classification","linear","","0.0001","128","16","explicit-mlp","","[""far"",""wide""]","0.1","1000","1000","2","10","999","0.8788542151451111","0.34662583470344543","","0.49855372309684753","6999","0.8639028072357178","0.834527850151062","0.8090277910232544","0.383628785610199","0.6706641316413879","0.7803703546524048","","","0.4872182607650757","0.49493131041526794","0.4872182607650757",""
"explicit_mlp","finished","-","sarthmit","","2024-01-22T05:04:06.000Z","535","","128","near","linear-classification","linear","","0.0001","128","16","explicit-mlp","","[""far"",""wide""]","0.1","1000","1000","2","10","999","0.8800173401832581","0.35371318459510803","","0.5127897262573242","6999","0.8624445199966431","0.8295834064483643","0.8030139803886414","0.3860755562782288","0.6789922714233398","0.7845504283905029","","","0.4835369288921356","0.4913896322250366","0.4835369288921356",""
"explicit_tsf","finished","-","sarthmit","","2024-01-22T04:54:01.000Z","1458","","128","same","linear-classification","linear","","0.0001","128","16","explicit-transformer","","[""far"",""wide""]","0.1","1000","1000","2","2","999","0.9653725624084472","0.08414287120103836","","0.5654982328414917","6999","0.9634445309638976","0.967097282409668","0.9624723196029664","0.0872463509440422","0.08461377769708633","0.09037348628044128","","","0.5759377479553223","0.5683402419090271","0.5759377479553223",""
"explicit_tsf","finished","-","sarthmit","","2024-01-22T04:53:52.000Z","1466","","128","same","linear-classification","linear","","0.0001","128","16","explicit-transformer","","[""far"",""wide""]","0.1","1000","1000","2","2","999","0.957207977771759","0.1005946919322014","","0.5792620778083801","6999","0.963805615901947","0.9673333764076232","0.9639166593551636","0.08716334402561188","0.08307859301567078","0.08825298398733139","","","0.5791695713996887","0.5664895176887512","0.5791695713996887",""
"explicit_tsf","finished","-","sarthmit","","2024-01-22T04:53:39.000Z","1448","","128","same","linear-classification","linear","","0.0001","128","16","explicit-transformer","","[""far"",""wide""]","0.1","1000","1000","2","2","999","0.9618129730224608","0.09443163871765135","","0.5711814165115356","6999","0.9640416502952576","0.967180609703064","0.9629861116409302","0.08748392760753632","0.08292925357818604","0.09087935090065002","","","0.5759180784225464","0.5568512678146362","0.5759180784225464",""
"explicit_tsf","finished","-","sarthmit","","2024-01-22T04:53:29.000Z","1448","","128","near","linear-classification","linear","","0.0001","128","16","explicit-transformer","","[""far"",""wide""]","0.1","1000","1000","2","2","999","0.9681882858276368","0.07809227705001831","","0.5660620331764221","6999","0.9639167189598083","0.966861128807068","0.962041676044464","0.0871182307600975","0.08814907819032669","0.09321235120296478","","","0.5765301585197449","0.5681894421577454","0.5765301585197449",""
"explicit_tsf","finished","-","sarthmit","","2024-01-22T04:52:00.000Z","1394","","128","near","linear-classification","linear","","0.0001","128","16","explicit-transformer","","[""far"",""wide""]","0.1","1000","1000","2","2","999","0.9657483100891112","0.08595689386129379","","0.5811082124710083","6999","0.9621667265892028","0.9662917256355286","0.9625834226608276","0.09044474363327026","0.08977498859167099","0.0950077623128891","","","0.5792868137359619","0.5657888054847717","0.5792868137359619",""
"explicit_tsf","finished","-","sarthmit","","2024-01-22T04:51:39.000Z","1393","","128","near","linear-classification","linear","","0.0001","128","16","explicit-transformer","","[""far"",""wide""]","0.1","1000","1000","2","2","999","0.9659119248390198","0.08592616021633148","","0.5707535743713379","6999","0.9640834331512452","0.9678195118904114","0.9631528258323668","0.0875323936343193","0.08549284934997559","0.09280794113874435","","","0.5762022137641907","0.5566998720169067","0.5762022137641907",""
"explicit_tsf","finished","-","sarthmit","","2024-01-22T04:46:11.000Z","873","","128","near","linear-classification","linear","","0.0001","128","16","explicit-transformer","","[""far"",""wide""]","0.1","1000","1000","2","10","999","0.8868001103401184","0.3089430034160614","","0.4700415432453155","6999","0.8673333525657654","0.8396944999694824","0.8104166984558105","0.36174818873405457","0.56119704246521","0.648749589920044","","","0.4745180904865265","0.48438724875450134","0.4745180904865265",""
"explicit_tsf","finished","-","sarthmit","","2024-01-22T04:46:03.000Z","935","","128","same","linear-classification","linear","","0.0001","128","16","explicit-transformer","","[""far"",""wide""]","0.1","1000","1000","2","10","999","0.8581275939941406","0.40221506357192993","","0.48305320739746094","6999","0.86665278673172","0.830500066280365","0.8074445128440857","0.36377784609794617","0.5529757738113403","0.6258988380432129","","","0.4752686619758606","0.48531848192214966","0.4752686619758606",""
"implicit","finished","-","sarthmit","","2024-01-22T04:42:48.000Z","1627","","128","near","linear-classification","linear","","0.0001","128","16","imlicit","","[""far"",""wide""]","0.1","1000","1000","2","10","999","0.9059725999832152","0.27263179421424866","","","6999","0.8880833387374878","0.8574584126472473","0.8324584364891052","0.31141188740730286","0.48172417283058167","0.5596483945846558","","","","","",""
"explicit_mlp","finished","-","sarthmit","","2024-01-22T04:42:07.000Z","702","","128","same","linear-classification","linear","","0.0001","128","16","explicit-mlp","","[""far"",""wide""]","0.1","1000","1000","2","2","999","0.9635363817214966","0.08847803622484207","","0.5819045901298523","6999","0.964263916015625","0.9679028391838074","0.9622917771339417","0.08724562078714371","0.0811401978135109","0.09204694628715517","","","0.5763160586357117","0.5609912872314453","0.5763160586357117",""
"explicit_mlp","finished","-","sarthmit","","2024-01-22T04:42:04.000Z","696","","128","same","linear-classification","linear","","0.0001","128","16","explicit-mlp","","[""far"",""wide""]","0.1","1000","1000","2","2","999","0.9588743448257446","0.10027684271335602","","0.5627220273017883","6999","0.9631944894790648","0.9676527976989746","0.9631666541099548","0.08926514536142349","0.08187802881002426","0.09056072682142258","","","0.583077609539032","0.5663440823554993","0.583077609539032",""
"explicit_mlp","finished","-","sarthmit","","2024-01-22T04:41:55.000Z","692","","128","same","linear-classification","linear","","0.0001","128","16","explicit-mlp","","[""far"",""wide""]","0.1","1000","1000","2","2","999","0.9617482423782348","0.09488696604967116","","0.6107425093650818","6999","0.9645416736602784","0.9676111340522766","0.9608194828033448","0.08663869649171829","0.08293866366147995","0.09415540844202042","","","0.5781205296516418","0.5611668825149536","0.5781205296516418",""
"explicit_mlp","finished","-","sarthmit","","2024-01-22T04:41:43.000Z","694","","128","near","linear-classification","linear","","0.0001","128","16","explicit-mlp","","[""far"",""wide""]","0.1","1000","1000","2","2","999","0.9667895436286926","0.08222269266843796","","0.5837198495864868","6999","0.9629722833633424","0.967097282409668","0.9629583954811096","0.08986692130565643","0.0899452492594719","0.10167299211025238","","","0.577648937702179","0.5607173442840576","0.577648937702179",""
"explicit_mlp","finished","-","sarthmit","","2024-01-22T04:40:45.000Z","663","","128","near","linear-classification","linear","","0.0001","128","16","explicit-mlp","","[""far"",""wide""]","0.1","1000","1000","2","2","999","0.9658142328262328","0.08696798980236053","","0.562345564365387","6999","0.9626528024673462","0.9667083621025084","0.961791694164276","0.09136322885751724","0.08992113918066025","0.10339952260255814","","","0.5864478945732117","0.5693917274475098","0.5864478945732117",""
"explicit_mlp","finished","-","sarthmit","","2024-01-22T04:40:30.000Z","658","","128","near","linear-classification","linear","","0.0001","128","16","explicit-mlp","","[""far"",""wide""]","0.1","1000","1000","2","2","999","0.964839518070221","0.08760137856006622","","0.6088295578956604","6999","0.964013934135437","0.9668334126472472","0.9624861478805542","0.08773308247327805","0.08802264928817749","0.0930771380662918","","","0.5794695019721985","0.5612815618515015","0.5794695019721985",""
"explicit_tsf","finished","-","sarthmit","","2024-01-22T04:37:33.000Z","892","","128","same","linear-classification","linear","","0.0001","128","16","explicit-transformer","","[""far"",""wide""]","0.1","1000","1000","2","10","999","0.8692918419837952","0.3574833869934082","","0.4685049653053284","6999","0.8679305911064148","0.8323333263397217","0.810930609703064","0.3583257794380188","0.5370022058486938","0.6234061121940613","","","0.4754774272441864","0.4845348298549652","0.4754774272441864",""
"explicit_tsf","finished","-","sarthmit","","2024-01-22T04:37:21.000Z","889","","128","same","linear-classification","linear","","0.0001","128","16","explicit-transformer","","[""far"",""wide""]","0.1","1000","1000","2","10","999","0.8495422005653381","0.4313269257545471","","0.5056672692298889","6999","0.8681111931800842","0.8309305906295776","0.8068611025810242","0.3656070530414582","0.551093339920044","0.6331727504730225","","","0.4792863428592682","0.4896182715892792","0.4792863428592682",""
"explicit_mlp","finished","-","sarthmit","","2024-01-22T04:37:07.000Z","532","","128","near","linear-classification","linear","","0.0001","128","16","explicit-mlp","","[""far"",""wide""]","0.1","1000","1000","2","10","999","0.8812633752822876","0.33005982637405396","","0.4899990260601044","6999","0.864708423614502","0.8334722518920898","0.8051944971084595","0.3830460906028747","0.675136148929596","0.7956282496452332","","","0.4861803948879242","0.49404701590538025","0.4861803948879242",""
"implicit","finished","-","sarthmit","","2024-01-22T04:36:47.000Z","1627","","128","near","linear-classification","linear","","0.0001","128","16","imlicit","","[""far"",""wide""]","0.1","1000","1000","2","10","999","0.8978407979011536","0.3062428832054138","","","6999","0.8880000710487366","0.8597361445426941","0.8358612060546875","0.312383234500885","0.4820440113544464","0.5586493611335754","","","","","",""
"explicit_mlp","finished","-","sarthmit","","2024-01-22T04:36:20.000Z","571","","128","same","linear-classification","linear","","0.0001","128","16","explicit-mlp","","[""far"",""wide""]","0.1","1000","1000","2","10","999","0.8502591252326965","0.4201416969299317","","0.501714289188385","6999","0.8598334193229675","0.8227916359901428","0.7952083945274353","0.3859228193759918","0.5893245339393616","0.6969640851020813","","","0.48709505796432495","0.4966365396976471","0.48709505796432495",""
"explicit_mlp","finished","-","sarthmit","","2024-01-22T04:28:15.000Z","547","","128","same","linear-classification","linear","","0.0001","128","16","explicit-mlp","","[""far"",""wide""]","0.1","1000","1000","2","10","999","0.8596845865249634","0.38563793897628784","","0.4904844462871551","6999","0.8642084002494812","0.8259028792381287","0.7961389422416687","0.3771981596946716","0.5872233510017395","0.697385847568512","","","0.48535317182540894","0.4957515001296997","0.48535317182540894",""
"explicit_mlp","finished","-","sarthmit","","2024-01-22T04:27:42.000Z","567","","128","same","linear-classification","linear","","0.0001","128","16","explicit-mlp","","[""far"",""wide""]","0.1","1000","1000","2","10","999","0.8483211398124695","0.4400693774223328","","0.5131813883781433","6999","0.8571111559867859","0.8231945037841797","0.79583340883255","0.39072543382644653","0.5945606231689453","0.7072150707244873","","","0.4849565923213959","0.4952101409435272","0.4849565923213959",""
"implicit","finished","-","sarthmit","","2024-01-22T04:09:53.000Z","1622","","128","near","linear-classification","linear","","0.0001","128","16","imlicit","","[""far"",""wide""]","0.1","1000","1000","2","10","999","0.9064350128173828","0.266033798456192","","","6999","0.8880972862243652","0.8562361001968384","0.8349584341049194","0.3097546100616455","0.4870896339416504","0.5548277497291565","","","","","",""
"implicit","finished","-","sarthmit","","2024-01-22T04:06:53.000Z","1755","","128","same","linear-classification","linear","","0.0001","128","16","imlicit","","[""far"",""wide""]","0.1","1000","1000","2","10","999","0.8831325769424438","0.3309478163719177","","","6999","0.8883333802223206","0.8655834197998047","0.8471528887748718","0.30854758620262146","0.45797738432884216","0.52455735206604","","","","","",""
"implicit","finished","-","sarthmit","","2024-01-22T04:00:54.000Z","2378","","128","near","linear-classification","linear","","0.0001","128","16","imlicit","","[""far"",""wide""]","0.1","1000","1000","2","2","999","0.9674454927444458","0.08379406481981277","","","6999","0.9654306173324584","0.9676250219345092","0.9578195214271544","0.08330679684877396","0.08091279864311218","0.09208165854215622","","","","","",""
"implicit","finished","-","sarthmit","","2024-01-22T04:00:41.000Z","2463","","128","same","linear-classification","linear","","0.0001","128","16","imlicit","","[""far"",""wide""]","0.1","1000","1000","2","2","999","0.9636257886886596","0.08919303864240646","","","6999","0.9660139679908752","0.9676111340522766","0.9631806015968324","0.08394596725702286","0.08018677681684494","0.08735433965921402","","","","","",""
"implicit","finished","-","sarthmit","","2024-01-22T04:00:41.000Z","2471","","128","same","linear-classification","linear","","0.0001","128","16","imlicit","","[""far"",""wide""]","0.1","1000","1000","2","2","999","0.9581658244132996","0.10327992588281631","","","6999","0.9655972719192504","0.9690417051315308","0.9632361531257628","0.08352559059858322","0.07867084443569183","0.08709640055894852","","","","","",""
"implicit","finished","-","sarthmit","","2024-01-22T04:00:41.000Z","2376","","128","near","linear-classification","linear","","0.0001","128","16","imlicit","","[""far"",""wide""]","0.1","1000","1000","2","2","999","0.9670342803001404","0.08344931155443192","","","6999","0.9653611183166504","0.9663611054420472","0.957652747631073","0.08443199098110199","0.08446250110864639","0.09550972282886504","","","","","",""
"implicit","finished","-","sarthmit","","2024-01-22T04:00:41.000Z","2450","","128","near","linear-classification","linear","","0.0001","128","16","imlicit","","[""far"",""wide""]","0.1","1000","1000","2","2","999","0.9705587029457092","0.07248644530773163","","","6999","0.9657084345817566","0.968666672706604","0.9539583325386048","0.08365834504365921","0.07874035835266113","0.0968463495373726","","","","","",""
"implicit","finished","-","sarthmit","","2024-01-22T04:00:41.000Z","1609","","128","same","linear-classification","linear","","0.0001","128","16","imlicit","","[""far"",""wide""]","0.1","1000","1000","2","10","999","0.8671566843986511","0.3895245492458343","","","6999","0.8883750438690186","0.8657777905464172","0.8470417261123657","0.30787166953086853","0.4585210382938385","0.521324872970581","","","","","",""
"implicit","finished","-","sarthmit","","2024-01-22T04:00:41.000Z","2474","","128","same","linear-classification","linear","","0.0001","128","16","imlicit","","[""far"",""wide""]","0.1","1000","1000","2","2","999","0.9671897888183594","0.07897960394620895","","","6999","0.9655694961547852","0.969069480895996","0.9649028778076172","0.08347351849079132","0.07883134484291077","0.08414109796285629","","","","","",""
"implicit","finished","-","sarthmit","","2024-01-22T04:00:41.000Z","1639","","128","same","linear-classification","linear","","0.0001","128","16","imlicit","","[""far"",""wide""]","0.1","1000","1000","2","10","999","0.8878043293952942","0.3092438578605652","","","6999","0.8883333802223206","0.8667083978652954","0.8471111059188843","0.30703336000442505","0.45366933941841125","0.5162990093231201","","","","","",""